,,2021-06-04
,,2021-06-04
oleg,e10adc3949ba59abbe56e057f20f883e,2021-06-04
oleg2,55587a910882016321201e6ebbc9f595,2021-06-04
oleg4,e10adc3949ba59abbe56e057f20f883e,2021-06-04
oleg5,4de35585e43001e7436de75dae44b67f,2021-06-04
oleg5,e10adc3949ba59abbe56e057f20f883e,2021-06-04
oleg77,21b95a0f90138767b0fd324e6be3457b,2021-06-04
oleg8,e10adc3949ba59abbe56e057f20f883e,2021-06-04
oleg,4531e8924edde928f341f7df3ab36c70,2021-06-05
ppp,4297f44b13955235245b2497399d7a93,2021-06-05
yyyy,4297f44b13955235245b2497399d7a93,2021-06-05
Oleg,4297f44b13955235245b2497399d7a93,2021-06-05
rtyu,4297f44b13955235245b2497399d7a93,2021-06-05
