22/06/2021 21:00,1001,2021-06-20
2021-06-22T21:00:00+00:00,1001,2021-06-20
2021-06-22T21:00:00+00:00,1001,20/06/2021 00:00
2021-06-22T21:00:00+00:00,1001,2021-06-20T00:00:00+00:00
2021-06-22T21:00:00+00:00,1001,2021-06-20T00:00:00+00:00
2021-06-22T21:00:00+00:00,1001,2021-06-20T00:00:00+00:00
2021-06-22T21:00:00+00:00,1001,2021-06-20T00:00:00+00:00
2021-06-22T21:00:00+00:00,1001,2021-06-20T00:00:00+00:00
2021-06-22T21:00:00+00:00,1001,2021-06-20T00:00:00+00:00
2021-06-22T21:00:00+00:00,1001,2021-06-20T00:00:00+00:00
2021-06-22T21:00:00+00:00,1001,2021-06-20T00:00:00+00:00
2021-06-22T17:00:00+00:00,1001,2021-06-20T00:00:00+00:00
2021-06-22T21:00:00+00:00,1001,2021-06-20T00:00:00+00:00
